5y8t3sa2,fiat,パンダ,94,2013
w0j9dcnj,ford,モンデオ,149,2005
zua17sta,jaguar,エステート,298,2015
6f6ea3v7,subaru,アウトバック,214,2006
qyg8yry9,volkswagen,トゥアレグ,119,2015
kqha8555,toyota,クラウン,215,2022
repboelr,mercedes-benz,CLA,467,2009
x71s1d9c,renault,ラティチュード,147,2010
fuxfg18y,land-rover,ディフェンダー,472,2022
9jsz94nt,mazda,アクセラ,263,2014
i7f0g8d3,honda,シビック,211,2023
34apnmf1,nissan,ティアナ,229,2010
okfsfd5b,audi,A3,153,2017
9j5me1d7,volvo,XC60,249,2018
l6jsd3bp,chevrolet,コルベット,320,2020
h4l1hg7x,mitsubishi,アウトランダー,307,2014
b5p2xk61,ford,エクスプローラー,150,2010
9sw5yaqg,mazda,CX-5,211,2020
oz6en9gy,subaru,レガシィ,181,2011
z3h9bpkl,mercedes-benz,Eクラス,479,2021
m7r2xz4p,land-rover,レンジローバー,532,2012
l6w0f0pq,bmw,3シリーズ,248,2020
q4n7kc9s,peugeot,208,121,2019
2os1yn3x,tesla,モデル3,379,2022
r7owu8pz,jaguar,F-PACE,289,2018
m9h6zi2u,audi,Q5,367,2020
d4a7bd9w,toyota,カローラ,158,2021
hw3lke2g,kia,スポーテージ,167,2018
r1pmu4yo,volkswagen,ポロ,159,2013
fz5ab7jx,mercedes-benz,GLC,499,2018
9l8c1sm5,nissan,ムラーノ,227,2022
fg7c9t3m,ford,マスタング,325,2020
rs2b9j4o,peugeot,3008,168,2016
d9h1y7fw,honda,アコード,195,2020
p2y7hs7t,jaguar,XE,319,2020
k5p3a1cs,land-rover,ディスカバリー,423,2016
m0q3t2rb,subaru,インプレッサ,231,2018
g7c0d9sv,toyota,プリウス,165,2018
l8u5q2r9,ford,フォーカス,178,2017
7j2p1t6v,porsche,カイエン,460,2014
w2k7r9pd,chevrolet,タホ,228,2014
x6s1m5oe,jaguar,XF,288,2020
7o9h4s6c,volkswagen,ゴルフ,145,2014
b8q5l2pk,mitsubishi,デリカ,186,2019
o9v4z7jn,mercedes-benz,Sクラス,565,2020
t0g1b9p7,bmw,5シリーズ,328,2020
j6z2h1q8,fiat,プント,114,2014
r3d7k8s9,land-rover,フリーランダー,330,2013
h1d4v2s0,audi,A4,232,2016
i8w7o0g6,nissan,スカイライン,255,2018
f7p4g1z9,toyota,ハリアー,299,2021
z8v6r1qp,renault,カングー,169,2022
w0p7b3mr,subaru,フォレスター,267,2021
y3s9k1u6,mercedes-benz,CLS,452,2019
m8h1q7pc,porsche,911,395,2020
k9p3o2q7,honda,フィット,157,2021
o6j4v2s9,toyota,ランドクルーザー,426,2020
x3f8l0o7,bmw,X3,328,2017
f2s7k4z8,ford,エクスプローラー,185,2013
g0h3p5o9,subaru,アウトバック,224,2017
k1z8v3m9,jaguar,ジャガーXE,301,2016
b6d1l8h5,volkswagen,ティグアン,237,2019
m9o2e3h4,peugeot,5008,196,2018
f3v5o0k8,tesla,モデルS,520,2022
b1n4w9v6,nissan,エクストレイル,245,2017
7t3r4d5b,mazda,CX-3,199,2021
o2h8v3s1,subaru,レガシィB4,253,2015
h6p4j9q2,jaguar,F-PACE,368,2020
w7d9e1b3,bmw,3シリーズ,221,2020
p9q4r1s7,volvo,XC60,290,2021
i1y3u2r8,audi,Q7,435,2018
g4c9d7v0,renault,メガーヌ,177,2019
l7j5z2q1,ford,フォーカス,214,2016
a2w7s9z1,chevrolet,カマロ,275,2016
m8k5f3g7,subaru,インプレッサスポーツ,210,2021
h4z6p8s1,mitsubishi,エクリプスクロス,230,2017
j0q2x9z5,nissan,リーフ,134,2016
v2d7h8q4,peugeot,308,153,2020
x0s6b5r8,jaguar,ランドローバー,319,2021
d9p8m3k7,volvo,S60,274,2020
r4q5k1o9,fiat,ティーポ,108,2020
k8h5o2n4,mazda,ロードスター,220,2020
v7g9p2o8,toyota,アクア,143,2020
z3nx4ypn,porsche,タルガ,382,2002
l4r7e1po,subaru,インプレッサ WRX,288,2021
w0j9dcnj,ford,モンデオ,149,2005
zua17sta,jaguar,エステート,298,2015
6f6ea3v7,subaru,アウトバック,214,2006
qyg8yry9,volkswagen,トゥアレグ,119,2015
kqha8555,toyota,クラウン,215,2022
repboelr,mercedes-benz,CLA,467,2009
x71s1d9c,renault,ラティチュード,147,2010
fuxfg18y,land-rover,ディフェンダー,472,2022
9jsz94nt,mazda,アクセラ,263,2014
i7f0g8d3,honda,シビック,211,2023
34apnmf1,nissan,ティアナ,229,2010
okfsfd5b,audi,A3,153,2017
9j5me1d7,volvo,XC60,249,2018
l6jsd3bp,chevrolet,コルベット,320,2020
h4l1hg7x,mitsubishi,アウトランダー,307,2014
5y8t3sa2,fiat,パンダ,94,2013
b5p2xk61,ford,エクスプローラー,150,2010
9sw5yaqg,mazda,CX-5,211,2020
oz6en9gy,subaru,レガシィ,181,2011
z3h9bpkl,mercedes-benz,Eクラス,479,2021
m7r2xz4p,land-rover,レンジローバー,532,2012
l6w0f0pq,bmw,3シリーズ,248,2020
q4n7kc9s,peugeot,208,121,2019
2os1yn3x,tesla,モデル3,379,2022
r7owu8pz,jaguar,F-PACE,289,2018
m9h6zi2u,audi,Q5,367,2020
d4a7bd9w,toyota,カローラ,158,2021
hw3lke2g,kia,スポーテージ,167,2018
r1pmu4yo,volkswagen,ポロ,159,2013
fz5ab7jx,mercedes-benz,GLC,499,2018
9l8c1sm5,nissan,ムラーノ,227,2022
fg7c9t3m,ford,マスタング,325,2020
rs2b9j4o,peugeot,3008,168,2016
d9h1y7fw,honda,アコード,195,2020
p2y7hs7t,jaguar,XE,319,2020
k5p3a1cs,land-rover,ディスカバリー,423,2016
m0q3t2rb,subaru,インプレッサ,231,2018
g7c0d9sv,toyota,プリウス,165,2018
l8u5q2r9,ford,フォーカス,178,2017
7j2p1t6v,porsche,カイエン,460,2014
w2k7r9pd,chevrolet,タホ,228,2014
x6s1m5oe,jaguar,XF,288,2020
7o9h4s6c,volkswagen,ゴルフ,145,2014
b8q5l2pk,mitsubishi,デリカ,186,2019
o9v4z7jn,mercedes-benz,Sクラス,565,2020
t0g1b9p7,bmw,5シリーズ,328,2020
j6z2h1q8,fiat,プント,114,2014
r3d7k8s9,land-rover,フリーランダー,330,2013
h1d4v2s0,audi,A4,232,2016
i8w7o0g6,nissan,スカイライン,255,2018
f7p4g1z9,toyota,ハリアー,299,2021
z8v6r1qp,renault,カングー,169,2022
w0p7b3mr,subaru,フォレスター,267,2021
y3s9k1u6,mercedes-benz,CLS,452,2019
m8h1q7pc,porsche,911,395,2020
k9p3o2q7,honda,フィット,157,2021
o6j4v2s9,toyota,ランドクルーザー,426,2020
x3f8l0o7,bmw,X3,328,2017
f2s7k4z8,ford,エクスプローラー,185,2013
g0h3p5o9,subaru,アウトバック,224,2017
k1z8v3m9,jaguar,ジャガーXE,301,2016
b6d1l8h5,volkswagen,ティグアン,237,2019
m9o2e3h4,peugeot,5008,196,2018
f3v5o0k8,tesla,モデルS,520,2022
b1n4w9v6,nissan,エクストレイル,245,2017
7t3r4d5b,mazda,CX-3,199,2021
o2h8v3s1,subaru,レガシィB4,253,2015
h6p4j9q2,jaguar,F-PACE,368,2020
w7d9e1b3,bmw,3シリーズ,221,2020
p9q4r1s7,volvo,XC60,290,2021
i1y3u2r8,audi,Q7,435,2018
g4c9d7v0,renault,メガーヌ,177,2019
l7j5z2q1,ford,フォーカス,214,2016
a2w7s9z1,chevrolet,カマロ,275,2016
m8k5f3g7,subaru,インプレッサスポーツ,210,2021
h4z6p8s1,mitsubishi,エクリプスクロス,230,2017
j0q2x9z5,nissan,リーフ,134,2016
v2d7h8q4,peugeot,308,153,2020
x0s6b5r8,jaguar,ランドローバー,319,2021
d9p8m3k7,volvo,S60,274,2020
r4q5k1o9,fiat,ティーポ,108,2020
k8h5o2n4,mazda,ロードスター,220,2020
v7g9p2o8,toyota,アクア,143,2020
1x6oz8b9,toyota,ランドクルーザー,450,2015
h2p9f5n8,ford,マスタング,310,2021
d1k8v3g2,jaguar,F-PACE,295,2019
7n2c1o5w,audi,A4,230,2020
s6j7y3v9,subaru,インプレッサ,180,2018
4r9t0d6s,honda,フィット,158,2019
b7w1k3h5,porsche,911,370,2017
f0g2m5v7,mazda,CX-5,195,2020
3j8z9l0v,mitsubishi,デリカ,220,2017
u1s0t7i9,volkswagen,ティグアン,245,2021
8p2d5f6s,audi,Q5,310,2018
9h1z4n5f,fiat,500,135,2019
q6y2e1r9,ford,フォーカス,210,2017
5r9o3t7v,honda,アコード,265,2021
d1g0v9b3,subaru,レガシィ,210,2020
k9v2h1y8,mazda,ロードスター,215,2016
z3j5y7p6,bmw,3シリーズ,290,2019
2h7m9s5x,chevrolet,カマロ,295,2020
4x3d0f7g,toyota,プリウス,180,2018
l8k9q3o5,mercedes-benz,Aクラス,280,2021
z9y2p4o6,nissan,スカイライン,220,2020
w0g8h1m9,jaguar,ジャガーXE,255,2019
f4p1z3r5,volvo,S60,240,2020
8q1j5b7z,subaru,フォレスター,210,2021
p6k9v8r2,ford,エクスプローラー,235,2021
b5t7c0s3,tesla,モデルS,510,2022
7w3f6g9o,chevrolet,コルベット,380,2019
c5t8z4r9,mercedes-benz,GLC,290,2018
2h9q1o7p,mazda,CX-3,190,2021
r6u5d2s1,jaguar,XF,270,2021
s3k7v9g4,volkswagen,ゴルフ,145,2016
m8z4f2r9,porsche,カイエン,480,2021
0p6y9s5a,honda,シビック,225,2020
9m7z3q4h,ford,エクスプローラー,270,2019
1h3s0o2p,toyota,クラウン,230,2020
8l6g1a9d,mazda,アクセラ,210,2019
f5k3t7v6,bmw,X3,265,2021
3w9r2f7o,jaguar,XE,225,2020
7x4n2y5k,fiat,パンダ,110,2017
h5p0m9s6,volvo,XC60,300,2020
g2z7j1o8,subaru,インプレッサ WRX,320,2020
x3n9g8v1,chevrolet,タホ,275,2019
6t8p2r0f,audi,A3,220,2019
7h9g1s0v,mitsubishi,アウトランダー,250,2021
v1z4h5d9,ford,フォーカス,230,2020
w2m8y1x5,peugeot,208,140,2018
2y5z9k7v,nissan,エクストレイル,260,2021
d3r1t8h6,porsche,911,390,2018
0n4s1y9w,volkswagen,パサート,215,2017
8k5h7v3d,jaguar,ジャガーXF,300,2020
f7t6p1z9,subaru,アウトバック,235,2017
9g4k1j3o,mazda,ロードスター,190,2021
r8h0a3l9,mercedes-benz,CLA,275,2020
t2j6b1k4,bmw,5シリーズ,310,2021
y7p9v2h5,honda,アコード,275,2021
3u9s1y7p,ford,エクスプローラー,265,2019
0v4g3w1x,mazda,CX-5,250,2020
m7r6t9o1,subaru,レガシィ,220,2019
z6k4y1v8,porsche,ケイマン,350,2020
1h8p9v3w,fiat,プント,120,2017
x5k1t9o2,mercedes-benz,Eクラス,340,2021
2v9d6m4p,chevrolet,サバーバン,330,2020
w1p7h8z6,jaguar,F-PACE,315,2019
q9r1v5b2,volkswagen,ゴルフ,160,2020
y8g6m1t7,mazda,CX-3,185,2018
3z4x9h1p,audi,Q7,435,2021
r9u1o7l6,toyota,アクア,130,2020
0h3p7k1y,ford,モンデオ,240,2018
k8p7m6r1,chevrolet,カマロ,315,2021
4y3r9s5f,subaru,インプレッサ,250,2021
p6m9h2z7,jaguar,XF,315,2020
x1r7d2o4,volvo,XC90,400,2020
3s8t9p4h,audi,A4,225,2021
h4b9v6g2,mazda,アクセラ,205,2020
z7f0t1p8,jaguar,ジャガーXE,295,2021
8t1r3f4w,volkswagen,ティグアン,250,2021
p5j7o2s9,subaru,レガシィ,205,2018
k6z3r1f7,ford,フォーカス,210,2020
d4w8l1b3,jaguar,XF,285,2021
m1r5z8q2,mazda,CX-5,240,2021
9h0o6b2v,porsche,ウラカン,475,2020
2r5x3h1g,volkswagen,ポロ,180,2017
j1t6s4o7,mazda,CX-3,180,2019
p8h1w7q6,subaru,フォレスター,230,2020
0m6v3b9r,jaguar,F-PACE,340,2020
d9w5k8h7,volvo,S90,350,2019
3u4dizms,toyota,プリウス,200,2024
